<?xml version="1.0" encoding="utf-8"?>
<extension type="component" version="3.0" method="upgrade">
  <name>com_tjcertificate</name>
  <creationDate>2019-08-13</creationDate>
  <copyright>2019 Techjoomla</copyright>
  <license>GNU General Public License version 2 or later; see LICENSE.txt</license>
  <author>Techjoomla</author>
  <authorEmail>extensions@techjoomla.com</authorEmail>
  <authorUrl>http://techjoomla.com</authorUrl>
  <description />
  <version>1.0.0</version>
  <install>
    <!-- Runs on install -->
    <sql>
      <file driver="mysql" charset="utf8">sql/install.mysql.utf8.sql</file>
    </sql>
  </install>
  <uninstall>
    <!-- Runs on uninstall -->
    <sql>
      <file driver="mysql" charset="utf8">sql/uninstall.mysql.utf8.sql</file>
    </sql>
  </uninstall>
  <update>
    <!-- Runs on Update -->
    <schemas>
      <schemapath type="mysql">sql/updates/mysql</schemapath>
    </schemas>
  </update>
  <files folder="site">
    <filename>index.html</filename>
    <filename>tjcertificate.php</filename>
    <filename>controller.php</filename>
    <filename>router.php</filename>
    <folder>views</folder>
    <folder>models</folder>
    <folder>languages</folder>
    <folder>templates</folder>
  </files>
  <languages folder="site">
    <language tag="en-GB">languages/en-GB/en-GB.com_tjcertificate.ini</language>
  </languages>
  <administration>
    <menu>COM_TJCERTIFICATE</menu>
    <submenu>
      <menu link="option=com_tjcertificate&amp;view=templates" view="templates" alt="Templates">COM_TJCERTIFICATE_TITLE_CERTIFICATES</menu>
      <menu link="option=com_tjcertificate&amp;view=certificates" view="certificates" alt="Issued Certificates">COM_TJCERTIFICATE_TITLE_ISSUED_CERTIFICATES</menu>
    </submenu>
    <files folder="administrator">
      <filename>access.xml</filename>
      <filename>config.xml</filename>
      <filename>controller.php</filename>
      <filename>index.html</filename>
      <filename>tjcertificate.php</filename>
      <folder>controllers</folder>
      <folder>includes</folder>
      <folder>helpers</folder>
      <folder>models</folder>
      <folder>sql</folder>
      <folder>tables</folder>
      <folder>views</folder>
      <folder>libraries</folder>
      <folder>languages</folder>
    </files>
    <languages folder="administrator">
      <language tag="en-GB">languages/en-GB/en-GB.com_tjcertificate.ini</language>
      <language tag="en-GB">languages/en-GB/en-GB.com_tjcertificate.sys.ini</language>
    </languages>
  </administration>
  <media destination="com_tjcertificate" folder="media">
    <folder>js</folder>
  </media>
  <scriptfile>script.tjcertificate.php</scriptfile>
</extension>
